<?xml version="1.0"?>
<ruleset>
	<rule ref="./vendor/mediawiki/mediawiki-codesniffer/MediaWiki">
		<exclude name="MediaWiki.Commenting.FunctionAnnotations.UnrecognizedAnnotation" />
		<exclude name="MediaWiki.Commenting.FunctionComment.MissingDocumentationPrivate" />
		<exclude name="MediaWiki.Commenting.FunctionComment.MissingDocumentationProtected" />
		<exclude name="MediaWiki.Commenting.FunctionComment.MissingDocumentationPublic" />
		<exclude name="MediaWiki.Commenting.FunctionComment.MissingParamTag" />
		<exclude name="MediaWiki.Commenting.FunctionComment.MissingReturn" />
		<exclude name="MediaWiki.Commenting.PropertyDocumentation.MissingDocumentationPrivate" />
		<exclude name="MediaWiki.Commenting.PropertyDocumentation.MissingDocumentationPublic" />
		<exclude name="MediaWiki.Usage.DeprecatedGlobalVariables.Deprecated$wgTitle" />
		<exclude name="MediaWiki.Usage.ExtendClassUsage.FunctionConfigUsage" />
		<exclude name="MediaWiki.WhiteSpace.SpaceBeforeSingleLineComment.NewLineComment" />
	</rule>
	<rule ref="Generic.Files.LineLength">
		<properties>
			<property name="lineLimit" value="180" />
		</properties>
	</rule>
	<rule ref="MediaWiki.NamingConventions.ValidGlobalName">
		<properties>
			<property name="ignoreList" type="array" value="$cgScriptPath,$egApprovedRevsBlankIfUnapproved" />
		</properties>
	</rule>
	<file>.</file>
	<arg name="extensions" value="php"/>
	<arg name="encoding" value="UTF-8"/>
</ruleset>
